<?xml version="1.0" encoding="UTF-8"?>
 
<!DOCTYPE mapper
PUBLIC "-//mybatis.org//DTD Mapper 3.0//EN"
"http://mybatis.org/dtd/mybatis-3-mapper.dtd">
 
<mapper namespace="dev.mvc.gallery.GalleryDAOInter">
  <!-- 등록한 레코드 갯수 1 리턴 -->
  <insert id="create" parameterType="dev.mvc.gallery.GalleryVO">
    INSERT INTO gallery(galleryno, adminno, exhino, title, content, passwd, word,
                                  file1, file1saved, thumb1, size1, rdate)
    VALUES(gallery_seq.nextval, #{adminno}, #{exhino}, #{title}, #{content}, #{passwd}, #{word},
                #{file1}, #{file1saved}, #{thumb1}, #{size1}, sysdate)
  </insert>

  <!-- 모든 카테고리의 등록된 글목록 -->
  <select id="list_all" resultType="dev.mvc.gallery.GalleryVO">
    SELECT galleryno, adminno, exhino, title, content, recom, cnt, replycnt, passwd, word, rdate,
               file1, file1saved, thumb1, size1
    FROM gallery
    ORDER BY galleryno DESC
  </select> 

  <!-- 특정 카테고리의 등록된 글목록 -->
  <select id="list_by_exhino" resultType="dev.mvc.gallery.GalleryVO" parameterType="int">
    SELECT galleryno, adminno, exhino, title, content, recom, cnt, replycnt, passwd, word, rdate,
               file1, file1saved, thumb1, size1, price, dc, saleprice, point, salecnt, map, youtube
    FROM gallery
    WHERE exhino=#{exhino}
    ORDER BY galleryno DESC

  </select> 

  <!-- 일반적인 조회 -->
  <select id="read" resultType="dev.mvc.gallery.GalleryVO" parameterType="int">
    SELECT galleryno, adminno, exhino, title, content, recom, cnt, replycnt, passwd, word, rdate,
              file1, file1saved, thumb1, size1, map, youtube
    FROM gallery
    WHERE galleryno = #{galleryno}
  </select>
  
  <!-- Map 등록, 수정, 삭제 -->
  <update id="map" parameterType="dev.mvc.gallery.GalleryVO">
    UPDATE gallery 
    SET map=#{map} 
    WHERE galleryno=#{galleryno}
  </update>

  <!-- Youtube 등록, 수정, 삭제 -->
  <update id="youtube" parameterType="dev.mvc.gallery.GalleryVO">
    UPDATE gallery 
    SET youtube=#{youtube} 
    WHERE galleryno=#{galleryno}
  </update>

  <!-- 카테고리별 검색 목록 -->
  <select id="list_by_exhino_search" resultType="dev.mvc.gallery.GalleryVO" parameterType="dev.mvc.gallery.GalleryVO">
    SELECT galleryno, adminno, exhino, title, content, recom, cnt, replycnt, word, rdate,
            file1, file1saved, thumb1, size1, map, youtube
    FROM gallery
    <choose>
      <when test="word == null or word == ''"> <!-- 검색하지 않는 경우, 모든 레코드 -->
        WHERE exhino=#{exhino}
      </when>
      <otherwise> <!-- 검색하는 경우, 검색된 레코드 -->
        WHERE exhino=#{exhino} AND (UPPER(title) LIKE '%' || UPPER(#{word}) || '%' 
                                                  OR UPPER(content) LIKE '%' || UPPER(#{word}) || '%' 
                                                  OR UPPER(word) LIKE '%' || UPPER(#{word}) || '%')
      </otherwise>
    </choose>
    ORDER BY galleryno DESC   
  </select>
   
  <!-- 카테고리별 검색 레코드 갯수 -->
  <select id="search_count" resultType="int" parameterType="dev.mvc.gallery.GalleryVO">
    SELECT COUNT(*) as cnt
    FROM gallery
    <choose>
      <when test="word == null or word == ''"> <!-- 검색하지 않는 경우의 레코드 갯수 -->
        WHERE exhino=#{exhino}
      </when>
      <otherwise> <!-- 검색하는 경우의 레코드 갯수 -->
        WHERE exhino=#{exhino} AND (UPPER(title) LIKE '%' || UPPER(#{word}) || '%' 
                                                  OR UPPER(content) LIKE '%' || UPPER(#{word}) || '%' 
                                                  OR UPPER(word) LIKE '%' || UPPER(#{word}) || '%')
      </otherwise>
    </choose>
  </select>
  
  <!-- 카테고리별 검색 + 페이징 목록 -->
  <select id="list_by_exhino_search_paging" resultType="dev.mvc.gallery.GalleryVO" parameterType="dev.mvc.gallery.GalleryVO">
   SELECT galleryno, adminno, exhino, title, content, recom, cnt, replycnt, rdate, file1, file1saved, thumb1, size1, map, youtube, r
   FROM (
              SELECT galleryno, adminno, exhino, title, content, recom, cnt, replycnt, rdate, file1, file1saved, thumb1, size1, map, youtube, rownum as r
              FROM (
                        SELECT galleryno, adminno, exhino, title, content, recom, cnt, replycnt, rdate, file1, file1saved, thumb1, size1, map, youtube
                        FROM gallery
                        <choose>
                          <when test="word == null or word == ''"> <!-- 검색하지 않는 경우 -->
                            WHERE exhino=#{exhino}
                          </when>
                          <otherwise>
                            WHERE exhino=#{exhino} AND (UPPER(title) LIKE '%' || UPPER(#{word}) || '%' 
                                                              OR UPPER(content) LIKE '%' || UPPER(#{word}) || '%' 
                                                              OR UPPER(word) LIKE '%' || UPPER(#{word}) || '%')
                          </otherwise>
                        </choose>
                        ORDER BY galleryno DESC
               )
    )
    WHERE <![CDATA[ r >= #{start_num} AND r <= #{end_num} ]]>
     
    <!-- 1 page: WHERE r >= 1 AND r <= 10; 
          2 page: WHERE r >= 11 AND r <= 20;
          3 page: WHERE r >= 21 AND r <= 30; -->
  </select>

  <!-- 글 수정 -->
  <update id="update_text" parameterType="dev.mvc.gallery.GalleryVO">
    UPDATE gallery
    SET title=#{title}, content=#{content},  word=#{word} 
    WHERE galleryno = #{galleryno}
  </update>
  
  <!-- 패스워드 검사 -->
  <select id="password_check" resultType="int" parameterType="dev.mvc.gallery.GalleryVO">
    SELECT COUNT(*) as cnt 
    FROM gallery
    WHERE galleryno = #{galleryno} AND passwd=#{passwd}
  </select>
  
  <!-- 파일 수정 -->
  <update id="update_file" parameterType="dev.mvc.gallery.GalleryVO">
    UPDATE gallery
    SET file1=#{file1}, file1saved=#{file1saved}, thumb1=#{thumb1}, size1=#{size1}
    WHERE galleryno = #{galleryno}
  </update>
  
  <delete id="delete" parameterType="int">
    DELETE FROM gallery
    WHERE galleryno=#{galleryno}
  </delete>
 
  <!-- 특정 카테고리에 속한 레코드 갯수를 리턴 -->
  <select id="count_by_exhino" resultType="int" parameterType="int">
    SELECT COUNT(*) as cnt 
    FROM gallery 
    WHERE exhino=#{exhino}
  </select>
  
  <!-- 특정 카테고리에 속한 모든 레코드 삭제 -->
  <delete id="delete_by_exhino" parameterType="int">
    DELETE FROM gallery
    WHERE exhino=#{exhino}
  </delete>
             
</mapper> 




